term,estimate,penalty,std.error
g__Subdoligranulum,-1.0286461274780163,0.05,0.20572922549560327
g__Blautia,-0.5305369785711115,0.05,0.1061073957142223
g__Streptococcus,0.5022824293428595,0.05,0.10045648586857191
g__Akkermansia,0.4513709391807724,0.05,0.09027418783615448
g__CAG-352,-0.2599527646139169,0.05,0.05199055292278339
