term,estimate,penalty,std.error
g__Fusicatenibacter,-0.016869626491363324,0.1,0.003373925298272665
g__Akkermansia,0.03910601511307348,0.1,0.007821203022614697
g__CAG-352,0.2951249140885169,0.1,0.05902498281770338
g__Subdoligranulum,0.771740672406592,0.1,0.15434813448131843
g__Blautia,1.0362427359162298,0.1,0.20724854718324598
